Second Layer Vec Alignment,Second Layer Weight Alignment,Regularization $\lambda$,Step
0.009376173838973045,0.006554914638400078,0.0,0.0
0.007092168089002371,0.00657154805958271,0.0,1000.0
0.004892303608357906,0.006585925817489624,0.0,2000.0
0.004117334261536598,0.006600300315767527,0.0,3000.0
0.0032000034116208553,0.006621329579502344,0.0,4000.0
0.0037336722016334534,0.0066486261785030365,0.0,5000.0
0.003162421751767397,0.006670747883617878,0.0,6000.0
0.002871285192668438,0.006697390228509903,0.0,7000.0
0.002649557078257203,0.006729560904204845,0.0,8000.0
0.0031574571039527655,0.006767173297703266,0.0,9000.0
0.003084789030253887,0.006806303281337023,0.0,10000.0
0.0031835392583161592,0.006847113370895386,0.0,11000.0
0.0026056990027427673,0.006889841053634882,0.0,12000.0
0.0031086646486073732,0.006941359024494886,0.0,13000.0
0.0033434329088777304,0.0069988868199288845,0.0,14000.0
0.003418064210563898,0.007058511953800917,0.0,15000.0
0.002303526271134615,0.007122259121388197,0.0,16000.0
0.0030423167627304792,0.007182116154581308,0.0,17000.0
0.0035242612939327955,0.007246519438922405,0.0,18000.0
0.003771127201616764,0.007311605382710695,0.0,19000.0
0.003045508870854974,0.007383549585938454,0.0,20000.0
0.0038485978730022907,0.0074561769142746925,0.0,21000.0
0.003472136566415429,0.007528943009674549,0.0,22000.0
0.004398504737764597,0.0076110586524009705,0.0,23000.0
0.003619162132963538,0.007693273946642876,0.0,24000.0
0.0032452449668198824,0.007771257311105728,0.0,25000.0
0.003348823171108961,0.007854742929339409,0.0,26000.0
0.004287932999432087,0.007938665337860584,0.0,27000.0
0.0037985218223184347,0.008018161170184612,0.0,28000.0
0.003986120689660311,0.008107516914606094,0.0,29000.0
0.0039139967411756516,0.008195975795388222,0.0,30000.0
0.004418275319039822,0.008286064490675926,0.0,31000.0
0.004299443680793047,0.008372196927666664,0.0,32000.0
0.004225040785968304,0.008464266546070576,0.0,33000.0
0.0038935381453484297,0.008555274456739426,0.0,34000.0
0.004895075224339962,0.008645119145512581,0.0,35000.0
0.004832131788134575,0.008746895007789135,0.0,36000.0
0.004954654257744551,0.008836137130856514,0.0,37000.0
0.005311381537467241,0.008924094960093498,0.0,38000.0
0.005038354080170393,0.009021193720400333,0.0,39000.0
0.004751609638333321,0.009109864942729473,0.0,40000.0
0.005290189292281866,0.009209217503666878,0.0,41000.0
0.0056449491530656815,0.009306429885327816,0.0,42000.0
0.005706180818378925,0.00940229743719101,0.0,43000.0
0.005769119597971439,0.009495334699749947,0.0,44000.0
0.006542995106428862,0.009591617621481419,0.0,45000.0
0.0050217872485518456,0.009685337543487549,0.0,46000.0
0.0052209338173270226,0.009783393703401089,0.0,47000.0
0.0059162103570997715,0.009881150908768177,0.0,48000.0
0.0062466394156217575,0.0099773108959198,0.0,49000.0
0.005833673756569624,0.010077467188239098,0.0,50000.0
0.005551476962864399,0.010171276517212391,0.0,51000.0
0.0066751777194440365,0.010264251381158829,0.0,52000.0
0.006498910952359438,0.010361182503402233,0.0,53000.0
0.007036159280687571,0.01045361626893282,0.0,54000.0
0.007161363493651152,0.010553980246186256,0.0,55000.0
0.00704534025862813,0.010649685747921467,0.0,56000.0
0.006811000406742096,0.010749716311693192,0.0,57000.0
0.007047651335597038,0.01084281038492918,0.0,58000.0
0.007288082502782345,0.010944914072751999,0.0,59000.0
0.007222129497677088,0.011041910387575626,0.0,60000.0
0.0070449188351631165,0.01113592553883791,0.0,61000.0
0.007524506188929081,0.01122421957552433,0.0,62000.0
0.007886501029133797,0.011319941841065884,0.0,63000.0
0.007399892900139093,0.011415766552090645,0.0,64000.0
0.008411025628447533,0.011508278548717499,0.0,65000.0
0.007807498332113028,0.011598464101552963,0.0,66000.0
0.008181347511708736,0.011690597981214523,0.0,67000.0
0.008034385740756989,0.011790459975600243,0.0,68000.0
0.008030425757169724,0.01188615057617426,0.0,69000.0
0.008626310154795647,0.011973537504673004,0.0,70000.0
0.009060930460691452,0.01207206305116415,0.0,71000.0
0.008472040295600891,0.012160944752395153,0.0,72000.0
0.009120967239141464,0.012257601134479046,0.0,73000.0
0.008894430473446846,0.012348907068371773,0.0,74000.0
0.008451287634670734,0.01243955735117197,0.0,75000.0
0.008825993165373802,0.01252921111881733,0.0,76000.0
0.008740981109440327,0.012624097056686878,0.0,77000.0
0.009275725111365318,0.0127136604860425,0.0,78000.0
0.008905556052923203,0.012806331738829613,0.0,79000.0
0.009304107166826725,0.012891329824924469,0.0,80000.0
0.008780274540185928,0.012980432249605656,0.0,81000.0
0.01025434024631977,0.013067835010588169,0.0,82000.0
0.00983494520187378,0.013157162815332413,0.0,83000.0
0.009693835861980915,0.013242636807262897,0.0,84000.0
0.010331680066883564,0.013334443792700768,0.0,85000.0
0.010037796571850777,0.013422328978776932,0.0,86000.0
0.009734411723911762,0.013513549230992794,0.0,87000.0
0.01043528039008379,0.013602321036159992,0.0,88000.0
0.009836539626121521,0.013692053966224194,0.0,89000.0
0.01011116523295641,0.01377397682517767,0.0,90000.0
0.010836879722774029,0.013854211196303368,0.0,91000.0
0.00994684174656868,0.013947615399956703,0.0,92000.0
0.011508525349199772,0.014033856801688671,0.0,93000.0
0.010972047224640846,0.014118686318397522,0.0,94000.0
0.011385083198547363,0.014202948659658432,0.0,95000.0
0.010450293309986591,0.014289767481386662,0.0,96000.0
0.010263935662806034,0.014376167207956314,0.0,97000.0
0.010344644077122211,0.014457346871495247,0.0,98000.0
0.011478681117296219,0.014538989402353764,0.0,99000.0
0.010889891535043716,0.0146207669749856,0.0,100000.0
0.011053051799535751,0.01469747070223093,0.0,101000.0
0.011119628325104713,0.014784568920731544,0.0,102000.0
0.010939013212919235,0.014865441247820854,0.0,103000.0
0.011860591359436512,0.014942913316190243,0.0,104000.0
0.012058989144861698,0.015024746768176556,0.0,105000.0
0.012546543963253498,0.015108723193407059,0.0,106000.0
0.011880326084792614,0.015192359685897827,0.0,107000.0
0.01150163821876049,0.015270566567778587,0.0,108000.0
0.012328150682151318,0.015350147150456905,0.0,109000.0
0.012260581366717815,0.015425990335643291,0.0,110000.0
0.011640788055956364,0.015506600961089134,0.0,111000.0
0.012226968072354794,0.015583522617816925,0.0,112000.0
0.011667459271848202,0.015659835189580917,0.0,113000.0
0.011810136958956718,0.015740202739834785,0.0,114000.0
0.012652556411921978,0.015816962346434593,0.0,115000.0
0.012112559750676155,0.015893148258328438,0.0,116000.0
0.012827379629015923,0.015969857573509216,0.0,117000.0
0.013512312434613705,0.016048401594161987,0.0,118000.0
0.013351010158658028,0.016125937923789024,0.0,119000.0
0.013773079961538315,0.016204100102186203,0.0,120000.0
0.013252073898911476,0.01628006063401699,0.0,121000.0
0.013702875934541225,0.016352396458387375,0.0,122000.0
0.012636794708669186,0.01642373949289322,0.0,123000.0
0.012744264677166939,0.01649891585111618,0.0,124000.0
0.013580727390944958,0.016574867069721222,0.0,125000.0
0.012219452299177647,0.01665184460580349,0.0,126000.0
0.013588308356702328,0.0167243629693985,0.0,127000.0
0.013538741506636143,0.016796911135315895,0.0,128000.0
0.012978614307940006,0.016872907057404518,0.0,129000.0
0.012832974083721638,0.016947239637374878,0.0,130000.0
0.013730235397815704,0.017013777047395706,0.0,131000.0
0.013408539816737175,0.017083708196878433,0.0,132000.0
0.014782341197133064,0.01715734787285328,0.0,133000.0
0.01412973552942276,0.01722826063632965,0.0,134000.0
0.014122121036052704,0.017297593876719475,0.0,135000.0
0.014308684505522251,0.01736786589026451,0.0,136000.0
0.014166204258799553,0.017442917451262474,0.0,137000.0
0.013875617645680904,0.017511583864688873,0.0,138000.0
0.014068294316530228,0.017577772960066795,0.0,139000.0
0.014552646316587925,0.017650889232754707,0.0,140000.0
0.014528043568134308,0.017715971916913986,0.0,141000.0
0.014692895114421844,0.017784401774406433,0.0,142000.0
0.014861904084682465,0.017851324751973152,0.0,143000.0
0.015085349790751934,0.01792529970407486,0.0,144000.0
0.013793697580695152,0.017995590344071388,0.0,145000.0
0.01614919677376747,0.018061058595776558,0.0,146000.0
0.013894687406718731,0.018124423921108246,0.0,147000.0
0.013967994600534439,0.018194671720266342,0.0,148000.0
0.01537228561937809,0.01826171576976776,0.0,149000.0
0.015722038224339485,0.018327640369534492,0.0,150000.0
0.014690692536532879,0.018395083025097847,0.0,151000.0
0.015061854384839535,0.01845911331474781,0.0,152000.0
0.015650015324354172,0.01852586679160595,0.0,153000.0
0.014840017072856426,0.01859358511865139,0.0,154000.0
0.015251467935740948,0.018654413521289825,0.0,155000.0
0.015639040619134903,0.01872021146118641,0.0,156000.0
0.015182847157120705,0.018782509490847588,0.0,157000.0
0.016177628189325333,0.01884460262954235,0.0,158000.0
0.015554441139101982,0.01891445368528366,0.0,159000.0
0.016125885769724846,0.018974777311086655,0.0,160000.0
0.015938004478812218,0.01904246211051941,0.0,161000.0
0.01605663262307644,0.019110243767499924,0.0,162000.0
0.015695789828896523,0.019171027466654778,0.0,163000.0
0.015889542177319527,0.019236087799072266,0.0,164000.0
0.016440043225884438,0.019298262894153595,0.0,165000.0
0.015736296772956848,0.019360005855560303,0.0,166000.0
0.01582122966647148,0.01942327246069908,0.0,167000.0
0.01659199595451355,0.019481029361486435,0.0,168000.0
0.015807485207915306,0.019538966938853264,0.0,169000.0
0.01632985658943653,0.01960444636642933,0.0,170000.0
0.01732071116566658,0.019665991887450218,0.0,171000.0
0.016163647174835205,0.019728783518075943,0.0,172000.0
0.01698261871933937,0.019788041710853577,0.0,173000.0
0.016666265204548836,0.019848307594656944,0.0,174000.0
0.01733788475394249,0.019906209781765938,0.0,175000.0
0.01690550148487091,0.0199646707624197,0.0,176000.0
0.015822988003492355,0.020025162026286125,0.0,177000.0
0.01711779646575451,0.020086556673049927,0.0,178000.0
0.01598871685564518,0.020144706591963768,0.0,179000.0
0.016529975458979607,0.020207479596138,0.0,180000.0
0.016923686489462852,0.02026066742837429,0.0,181000.0
0.01723787561058998,0.02031964622437954,0.0,182000.0
0.017780210822820663,0.020374929532408714,0.0,183000.0
0.017283225432038307,0.020437639206647873,0.0,184000.0
0.017151696607470512,0.02049645595252514,0.0,185000.0
0.01709313876926899,0.020552407950162888,0.0,186000.0
0.017867879942059517,0.020612329244613647,0.0,187000.0
0.017801163718104362,0.020670561119914055,0.0,188000.0
0.017030855640769005,0.020726606249809265,0.0,189000.0
0.017236242070794106,0.020782707259058952,0.0,190000.0
0.017510175704956055,0.02083873748779297,0.0,191000.0
0.017961662262678146,0.0208966713398695,0.0,192000.0
0.01878185383975506,0.020951418206095695,0.0,193000.0
0.017729440703988075,0.02101084776222706,0.0,194000.0
0.017508067190647125,0.021067509427666664,0.0,195000.0
0.01689598709344864,0.021125173196196556,0.0,196000.0
0.018600111827254295,0.021181996911764145,0.0,197000.0
0.01872195117175579,0.021237023174762726,0.0,198000.0
0.017891984432935715,0.02129262685775757,0.0,199000.0
0.018871890380978584,0.021345075219869614,0.0,200000.0
0.018040332943201065,0.021398324519395828,0.0,201000.0
0.018745053559541702,0.021452700719237328,0.0,202000.0
0.01787084899842739,0.021510738879442215,0.0,203000.0
0.017543448135256767,0.02156529575586319,0.0,204000.0
0.017990073189139366,0.021615562960505486,0.0,205000.0
0.019485758617520332,0.02167159877717495,0.0,206000.0
0.01864810287952423,0.021727746352553368,0.0,207000.0
0.018598739057779312,0.02178570069372654,0.0,208000.0
0.0185690987855196,0.021841220557689667,0.0,209000.0
0.01923356018960476,0.02189125493168831,0.0,210000.0
0.019221659749746323,0.021945059299468994,0.0,211000.0
0.01820036582648754,0.021996259689331055,0.0,212000.0
0.0196584090590477,0.02204981818795204,0.0,213000.0
0.018627461045980453,0.0221024788916111,0.0,214000.0
0.018911754712462425,0.02215447835624218,0.0,215000.0
0.019073650240898132,0.022212417796254158,0.0,216000.0
0.01888556405901909,0.022267866879701614,0.0,217000.0
0.019092556089162827,0.022322826087474823,0.0,218000.0
0.0189833901822567,0.022370025515556335,0.0,219000.0
0.01894463784992695,0.022424273192882538,0.0,220000.0
0.020428229123353958,0.022474048659205437,0.0,221000.0
0.019588999450206757,0.02253015711903572,0.0,222000.0
0.018973655998706818,0.022582676261663437,0.0,223000.0
0.019709035754203796,0.02263505570590496,0.0,224000.0
0.019169863313436508,0.02268191985785961,0.0,225000.0
0.0192934051156044,0.022734832018613815,0.0,226000.0
0.0191974937915802,0.02278584986925125,0.0,227000.0
0.020769070833921432,0.022838162258267403,0.0,228000.0
0.01947617717087269,0.022887524217367172,0.0,229000.0
0.019846148788928986,0.022938448935747147,0.0,230000.0
0.019570931792259216,0.022992415353655815,0.0,231000.0
0.020100805908441544,0.02303767390549183,0.0,232000.0
0.020592309534549713,0.023088013753294945,0.0,233000.0
0.020595569163560867,0.02314075268805027,0.0,234000.0
0.020575320348143578,0.023190926760435104,0.0,235000.0
0.01950923539698124,0.023241689428687096,0.0,236000.0
0.020281106233596802,0.023290002718567848,0.0,237000.0
0.02079540491104126,0.023341821506619453,0.0,238000.0
0.019383862614631653,0.023387247696518898,0.0,239000.0
0.020445002242922783,0.023438766598701477,0.0,240000.0
0.021260689944028854,0.023489216342568398,0.0,241000.0
0.020518416538834572,0.023532748222351074,0.0,242000.0
0.021033626049757004,0.02358253113925457,0.0,243000.0
0.020809108391404152,0.023632239550352097,0.0,244000.0
0.020347928628325462,0.02368008717894554,0.0,245000.0
0.019920608028769493,0.023725803941488266,0.0,246000.0
0.020520685240626335,0.023779623210430145,0.0,247000.0
0.021255483850836754,0.023826131597161293,0.0,248000.0
0.020361419767141342,0.023878609761595726,0.0,249000.0
0.020276367664337158,0.023929733783006668,0.0,250000.0
0.021413302049040794,0.02397436648607254,0.0,251000.0
0.021283946931362152,0.024022791534662247,0.0,252000.0
0.02132844366133213,0.024072563275694847,0.0,253000.0
0.021577076986432076,0.024119190871715546,0.0,254000.0
0.021033095195889473,0.024171805009245872,0.0,255000.0
0.02023145742714405,0.024213025346398354,0.0,256000.0
0.02142326533794403,0.02426053211092949,0.0,257000.0
0.021201737225055695,0.02430887706577778,0.0,258000.0
0.021953893825411797,0.024354606866836548,0.0,259000.0
0.021477481350302696,0.0243997722864151,0.0,260000.0
0.021761076524853706,0.02444864995777607,0.0,261000.0
0.021386416628956795,0.024494143202900887,0.0,262000.0
0.021250233054161072,0.02453731931746006,0.0,263000.0
0.02117525227367878,0.024588851258158684,0.0,264000.0
0.02227388508617878,0.02463293820619583,0.0,265000.0
0.021639391779899597,0.024678364396095276,0.0,266000.0
0.021424097940325737,0.024727730080485344,0.0,267000.0
0.022049177438020706,0.024771973490715027,0.0,268000.0
0.022480729967355728,0.024817833676934242,0.0,269000.0
0.021675927564501762,0.02486410178244114,0.0,270000.0
0.02243688516318798,0.024912141263484955,0.0,271000.0
0.021441910415887833,0.02495492249727249,0.0,272000.0
0.021611208096146584,0.025001460686326027,0.0,273000.0
0.02268531359732151,0.025045329704880714,0.0,274000.0
0.022749247029423714,0.025092361494898796,0.0,275000.0
0.022726021707057953,0.025140009820461273,0.0,276000.0
0.022669717669487,0.025180963799357414,0.0,277000.0
0.022032257169485092,0.025228548794984818,0.0,278000.0
0.021503914147615433,0.025273500010371208,0.0,279000.0
0.022553395479917526,0.025319432839751244,0.0,280000.0
0.022616779431700706,0.025359490886330605,0.0,281000.0
0.02209746278822422,0.025410205125808716,0.0,282000.0
0.022042380645871162,0.025452008470892906,0.0,283000.0
0.02224130369722843,0.025497743859887123,0.0,284000.0
0.023277735337615013,0.02554561197757721,0.0,285000.0
0.022108152508735657,0.025587840005755424,0.0,286000.0
0.0231928713619709,0.025631383061408997,0.0,287000.0
0.02388252504169941,0.025672947987914085,0.0,288000.0
0.022393152117729187,0.02571539580821991,0.0,289000.0
0.02222251705825329,0.02576209232211113,0.0,290000.0
0.022807784378528595,0.02580597996711731,0.0,291000.0
0.023097431287169456,0.02585039660334587,0.0,292000.0
0.023083912208676338,0.025893699377775192,0.0,293000.0
0.023458652198314667,0.02593589387834072,0.0,294000.0
0.022601105272769928,0.025976989418268204,0.0,295000.0
0.025062652304768562,0.02601964771747589,0.0,296000.0
0.023362774401903152,0.02606109529733658,0.0,297000.0
0.022153576835989952,0.026104414835572243,0.0,298000.0
0.0233333557844162,0.026150405406951904,0.0,299000.0
0.023203808814287186,0.026193704456090927,0.0,300000.0
0.023772146552801132,0.02623538300395012,0.0,301000.0
0.023401720449328423,0.026280397549271584,0.0,302000.0
0.02338854782283306,0.02632570080459118,0.0,303000.0
0.02321540005505085,0.026365244761109352,0.0,304000.0
0.023738916963338852,0.026406897231936455,0.0,305000.0
0.02421404793858528,0.026449041441082954,0.0,306000.0
0.02275487408041954,0.02649170532822609,0.0,307000.0
0.024635273963212967,0.026531171053647995,0.0,308000.0
0.023278934881091118,0.026572750881314278,0.0,309000.0
0.02369786612689495,0.02661687508225441,0.0,310000.0
0.02289159782230854,0.02665644697844982,0.0,311000.0
0.024321038275957108,0.026693174615502357,0.0,312000.0
0.023854659870266914,0.026737172156572342,0.0,313000.0
0.024264784529805183,0.02677896060049534,0.0,314000.0
0.02368338219821453,0.026823554188013077,0.0,315000.0
0.025227822363376617,0.026867369189858437,0.0,316000.0
0.023839280009269714,0.026906689628958702,0.0,317000.0
0.02475394867360592,0.026952100917696953,0.0,318000.0
0.023768696933984756,0.026988793164491653,0.0,319000.0
0.024735456332564354,0.02703147754073143,0.0,320000.0
0.023926932364702225,0.02707335725426674,0.0,321000.0
0.0245070680975914,0.02711671218276024,0.0,322000.0
0.025051582604646683,0.02715349569916725,0.0,323000.0
0.024278465658426285,0.02719724364578724,0.0,324000.0
0.025075478479266167,0.027237430214881897,0.0,325000.0
0.02461395412683487,0.02727660909295082,0.0,326000.0
0.024097377434372902,0.027316037565469742,0.0,327000.0
0.023967785760760307,0.027355659753084183,0.0,328000.0
0.024362346157431602,0.027392588555812836,0.0,329000.0
0.02489764615893364,0.027438296005129814,0.0,330000.0
0.025560317561030388,0.02747725322842598,0.0,331000.0
0.02413284033536911,0.027518408372998238,0.0,332000.0
0.024142498150467873,0.027563195675611496,0.0,333000.0
0.02467363514006138,0.027603652328252792,0.0,334000.0
0.025801142677664757,0.027643226087093353,0.0,335000.0
0.02549663744866848,0.027681229636073112,0.0,336000.0
0.024205565452575684,0.027717458084225655,0.0,337000.0
0.02521597221493721,0.02775426022708416,0.0,338000.0
0.024803847074508667,0.02779301628470421,0.0,339000.0
0.0244752187281847,0.0278332456946373,0.0,340000.0
0.025810429826378822,0.02786743827164173,0.0,341000.0
0.025807900354266167,0.027906322851777077,0.0,342000.0
0.025794971734285355,0.027946945279836655,0.0,343000.0
0.025195695459842682,0.027990104630589485,0.0,344000.0
0.025900553911924362,0.028027651831507683,0.0,345000.0
0.02491697669029236,0.028069645166397095,0.0,346000.0
0.02513621188700199,0.028110580518841743,0.0,347000.0
0.02520769089460373,0.028146766126155853,0.0,348000.0
0.025206729769706726,0.028186524286866188,0.0,349000.0
0.025214606896042824,0.028224948793649673,0.0,350000.0
0.026888670399785042,0.028266198933124542,0.0,351000.0
0.02587975189089775,0.028303885832428932,0.0,352000.0
0.02580011449754238,0.02834363840520382,0.0,353000.0
0.02496056817471981,0.028380459174513817,0.0,354000.0
0.024655964225530624,0.028419477865099907,0.0,355000.0
0.026159154251217842,0.02845240756869316,0.0,356000.0
0.02653380297124386,0.028490466997027397,0.0,357000.0
0.02552315965294838,0.028528792783617973,0.0,358000.0
0.02583526261150837,0.02856932021677494,0.0,359000.0
0.027176203206181526,0.028608622029423714,0.0,360000.0
0.025495432317256927,0.028647955507040024,0.0,361000.0
0.025105172768235207,0.028685973957180977,0.0,362000.0
0.02555614709854126,0.028724120929837227,0.0,363000.0
0.026122968643903732,0.02876359224319458,0.0,364000.0
0.02564776875078678,0.028802640736103058,0.0,365000.0
0.026968467980623245,0.02883835881948471,0.0,366000.0
0.02725343406200409,0.0288736242800951,0.0,367000.0
0.026360783725976944,0.02890970930457115,0.0,368000.0
0.025814862921833992,0.028944354504346848,0.0,369000.0
0.02612788788974285,0.028982840478420258,0.0,370000.0
0.026993995532393456,0.02902212180197239,0.0,371000.0
0.025909423828125,0.029064154252409935,0.0,372000.0
0.027724040672183037,0.029096189886331558,0.0,373000.0
0.025470560416579247,0.029134854674339294,0.0,374000.0
0.026957400143146515,0.029171442613005638,0.0,375000.0
0.026529446244239807,0.029206763952970505,0.0,376000.0
0.026872001588344574,0.029240427538752556,0.0,377000.0
0.02706320583820343,0.029279205948114395,0.0,378000.0
0.025852417573332787,0.029314229264855385,0.0,379000.0
0.027291227132081985,0.02935050055384636,0.0,380000.0
0.02676527202129364,0.029388966038823128,0.0,381000.0
0.026133276522159576,0.0294254869222641,0.0,382000.0
0.027162153273820877,0.02946491912007332,0.0,383000.0
0.0273570716381073,0.029498305171728134,0.0,384000.0
0.02599160186946392,0.02953334152698517,0.0,385000.0
0.027076242491602898,0.029569383710622787,0.0,386000.0
0.027427617460489273,0.029604541137814522,0.0,387000.0
0.027921324595808983,0.02964167296886444,0.0,388000.0
0.026357712224125862,0.02967933751642704,0.0,389000.0
0.027414066717028618,0.02971114031970501,0.0,390000.0
0.026989025995135307,0.029744049534201622,0.0,391000.0
0.026516404002904892,0.029781891033053398,0.0,392000.0
0.028517944738268852,0.029820507392287254,0.0,393000.0
0.02741851471364498,0.02985774353146553,0.0,394000.0
0.026742853224277496,0.029897630214691162,0.0,395000.0
0.02717660740017891,0.029931209981441498,0.0,396000.0
0.027494555339217186,0.029965832829475403,0.0,397000.0
0.0280686654150486,0.03000112622976303,0.0,398000.0
0.027019577100872993,0.03003506176173687,0.0,399000.0
0.027333464473485947,0.030067823827266693,0.0,400000.0
0.02684679999947548,0.030103331431746483,0.0,401000.0
0.027903908863663673,0.030140003189444542,0.0,402000.0
0.02747269719839096,0.03017616458237171,0.0,403000.0
0.02828158624470234,0.030211670324206352,0.0,404000.0
0.027577869594097137,0.030245844274759293,0.0,405000.0
0.027664178982377052,0.03027907758951187,0.0,406000.0
0.028120186179876328,0.030312083661556244,0.0,407000.0
0.027320893481373787,0.030350597575306892,0.0,408000.0
0.028840020298957825,0.030385222285985947,0.0,409000.0
0.028964189812541008,0.030420394614338875,0.0,410000.0
0.027316894382238388,0.03045608662068844,0.0,411000.0
0.028872480615973473,0.03048758953809738,0.0,412000.0
0.028683889657258987,0.030522018671035767,0.0,413000.0
0.027677005156874657,0.030556483194231987,0.0,414000.0
0.027831830084323883,0.030592186376452446,0.0,415000.0
0.02784797176718712,0.030627010390162468,0.0,416000.0
0.027600139379501343,0.030661677941679955,0.0,417000.0
0.028219319880008698,0.030697258189320564,0.0,418000.0
0.027755366638302803,0.03073028475046158,0.0,419000.0
0.027431517839431763,0.03076522797346115,0.0,420000.0
0.02879318781197071,0.03080146759748459,0.0,421000.0
0.028751041740179062,0.030835408717393875,0.0,422000.0
0.029089447110891342,0.030869409441947937,0.0,423000.0
0.02712174318730831,0.030898435041308403,0.0,424000.0
0.027895012870430946,0.03093601018190384,0.0,425000.0
0.02888757921755314,0.03096897155046463,0.0,426000.0
0.028549807146191597,0.0310061015188694,0.0,427000.0
0.028838416561484337,0.03103942982852459,0.0,428000.0
0.029320785775780678,0.03107154555618763,0.0,429000.0
0.028472185134887695,0.031103618443012238,0.0,430000.0
0.02930709533393383,0.031135600060224533,0.0,431000.0
0.029064621776342392,0.03117203153669834,0.0,432000.0
0.02858949452638626,0.03120674565434456,0.0,433000.0
0.0292616318911314,0.03123616799712181,0.0,434000.0
0.029149340465664864,0.03127244487404823,0.0,435000.0
0.029170893132686615,0.03130480274558067,0.0,436000.0
0.02869214490056038,0.031335826963186264,0.0,437000.0
0.027805617079138756,0.03137049451470375,0.0,438000.0
0.02912643924355507,0.031405895948410034,0.0,439000.0
0.029384156689047813,0.03143899142742157,0.0,440000.0
0.030401090160012245,0.03147396072745323,0.0,441000.0
0.02772345021367073,0.031505685299634933,0.0,442000.0
0.02858506515622139,0.03153806924819946,0.0,443000.0
0.02880370244383812,0.03157487511634827,0.0,444000.0
0.030232759192585945,0.03160541504621506,0.0,445000.0
0.029628055170178413,0.03163805603981018,0.0,446000.0
0.029798120260238647,0.0316704697906971,0.0,447000.0
0.029001714661717415,0.03170154616236687,0.0,448000.0
0.028621166944503784,0.031732670962810516,0.0,449000.0
0.029950706288218498,0.03176562860608101,0.0,450000.0
0.028860578313469887,0.03179440274834633,0.0,451000.0
0.028969720005989075,0.031831044703722,0.0,452000.0
0.029808685183525085,0.03186416998505592,0.0,453000.0
0.029432935640215874,0.031896427273750305,0.0,454000.0
0.029211875051259995,0.031925249844789505,0.0,455000.0
0.029867496341466904,0.03196059167385101,0.0,456000.0
0.02913595177233219,0.031988877803087234,0.0,457000.0
0.030618565157055855,0.032024651765823364,0.0,458000.0
0.029843205586075783,0.032058462500572205,0.0,459000.0
0.02914194017648697,0.03209327533841133,0.0,460000.0
0.02911609783768654,0.03212535008788109,0.0,461000.0
0.0299635361880064,0.03215497359633446,0.0,462000.0
0.030772024765610695,0.03218933194875717,0.0,463000.0
0.02954277954995632,0.03222236409783363,0.0,464000.0
0.03016486018896103,0.03225210681557655,0.0,465000.0
0.030577080324292183,0.03228767588734627,0.0,466000.0
0.03092958964407444,0.032317154109478,0.0,467000.0
0.029391566291451454,0.032346516847610474,0.0,468000.0
0.030023224651813507,0.032375793904066086,0.0,469000.0
0.029859524220228195,0.03241140395402908,0.0,470000.0
0.029765864834189415,0.032442014664411545,0.0,471000.0
0.03080660291016102,0.0324745774269104,0.0,472000.0
0.030340071767568588,0.03250660002231598,0.0,473000.0
0.02987782657146454,0.032538365572690964,0.0,474000.0
0.029970429837703705,0.03256775066256523,0.0,475000.0
0.03096454218029976,0.03259741887450218,0.0,476000.0
0.030272116884589195,0.03263268619775772,0.0,477000.0
0.03147035837173462,0.032664090394973755,0.0,478000.0
0.029647694900631905,0.03269244357943535,0.0,479000.0
0.030411386862397194,0.03272199258208275,0.0,480000.0
0.030442437157034874,0.03275565803050995,0.0,481000.0
0.03091992624104023,0.032790541648864746,0.0,482000.0
0.029412494972348213,0.03282244876027107,0.0,483000.0
0.03134451061487198,0.032850880175828934,0.0,484000.0
0.03076932765543461,0.03288308158516884,0.0,485000.0
0.030482174828648567,0.03291117027401924,0.0,486000.0
0.030899377539753914,0.0329425223171711,0.0,487000.0
0.030591605231165886,0.03297271206974983,0.0,488000.0
0.03126179054379463,0.03300217166543007,0.0,489000.0
0.03191789984703064,0.03303413838148117,0.0,490000.0
0.03131149336695671,0.03306565061211586,0.0,491000.0
0.030604973435401917,0.03309718146920204,0.0,492000.0
0.03069167584180832,0.03312883526086807,0.0,493000.0
0.030989082530140877,0.03315795212984085,0.0,494000.0
0.03082946129143238,0.03318511322140694,0.0,495000.0
0.030459968373179436,0.033215735107660294,0.0,496000.0
0.030122874304652214,0.03324604406952858,0.0,497000.0
0.031910691410303116,0.03327743709087372,0.0,498000.0
0.03099239617586136,0.033307868987321854,0.0,499000.0
0.009229584597051144,0.00654465751722455,0.1,0.0
0.0073043485172092915,0.006566728465259075,0.1,1000.0
0.004994352348148823,0.006588323507457972,0.1,2000.0
0.003853223053738475,0.006605811882764101,0.1,3000.0
0.00329794199205935,0.006621981505304575,0.1,4000.0
0.0033277927432209253,0.006641789805144072,0.1,5000.0
0.0025453013367950916,0.00666775181889534,0.1,6000.0
0.0031353305093944073,0.006704314611852169,0.1,7000.0
0.003143631387501955,0.006741617806255817,0.1,8000.0
0.002904566703364253,0.006783473305404186,0.1,9000.0
0.002646328881382942,0.006820851005613804,0.1,10000.0
0.002826497657224536,0.006866076495498419,0.1,11000.0
0.0030935469549149275,0.006912962533533573,0.1,12000.0
0.0031794412061572075,0.00696559576317668,0.1,13000.0
0.0028687436133623123,0.007021642755717039,0.1,14000.0
0.003209003247320652,0.007086924277245998,0.1,15000.0
0.003373899031430483,0.007154814898967743,0.1,16000.0
0.003218640573322773,0.007225402630865574,0.1,17000.0
0.003560316516086459,0.007307278923690319,0.1,18000.0
0.0036149087827652693,0.0073866774328053,0.1,19000.0
0.0036434989888221025,0.007465452421456575,0.1,20000.0
0.002632837276905775,0.007550632581114769,0.1,21000.0
0.003488234244287014,0.007638838142156601,0.1,22000.0
0.004122043028473854,0.007727000396698713,0.1,23000.0
0.004447563551366329,0.007833240553736687,0.1,24000.0
0.004326739814132452,0.007922294549643993,0.1,25000.0
0.004095033276826143,0.008029958233237267,0.1,26000.0
0.0035688732750713825,0.008127675391733646,0.1,27000.0
0.004397826734930277,0.008227487094700336,0.1,28000.0
0.004292956553399563,0.008323722518980503,0.1,29000.0
0.0041867406107485294,0.008436601608991623,0.1,30000.0
0.004249796736985445,0.008540150709450245,0.1,31000.0
0.004392273258417845,0.00864589586853981,0.1,32000.0
0.0053077139891684055,0.00875876098871231,0.1,33000.0
0.0051889196038246155,0.008870462886989117,0.1,34000.0
0.005127885844558477,0.008986691012978554,0.1,35000.0
0.005190543830394745,0.009096437133848667,0.1,36000.0
0.005978508852422237,0.009208982810378075,0.1,37000.0
0.004860405810177326,0.009323290549218655,0.1,38000.0
0.00555014843121171,0.009440973401069641,0.1,39000.0
0.005558628588914871,0.009564449079334736,0.1,40000.0
0.005824941676110029,0.009679223410785198,0.1,41000.0
0.006391542498022318,0.009797514416277409,0.1,42000.0
0.005686708725988865,0.009920736774802208,0.1,43000.0
0.0063117267563939095,0.010040489956736565,0.1,44000.0
0.0063261184841394424,0.01016527134925127,0.1,45000.0
0.006699379999190569,0.010283350013196468,0.1,46000.0
0.006736526731401682,0.010411720722913742,0.1,47000.0
0.006749073974788189,0.010531960055232048,0.1,48000.0
0.007087957113981247,0.010655897669494152,0.1,49000.0
0.008008869364857674,0.010774947702884674,0.1,50000.0
0.0071811494417488575,0.010900301858782768,0.1,51000.0
0.007276496849954128,0.011022945865988731,0.1,52000.0
0.00734650669619441,0.01114780642092228,0.1,53000.0
0.007951122708618641,0.011275703087449074,0.1,54000.0
0.008490841835737228,0.011407763697206974,0.1,55000.0
0.008462087251245975,0.01153896190226078,0.1,56000.0
0.00772881181910634,0.01166381686925888,0.1,57000.0
0.007410930935293436,0.011781502515077591,0.1,58000.0
0.007998708635568619,0.011907699517905712,0.1,59000.0
0.008060264401137829,0.01203603483736515,0.1,60000.0
0.009090782143175602,0.012156934477388859,0.1,61000.0
0.009318502619862556,0.012283364310860634,0.1,62000.0
0.009131204336881638,0.012404064647853374,0.1,63000.0
0.008621481247246265,0.012531868182122707,0.1,64000.0
0.008585465140640736,0.012662318535149097,0.1,65000.0
0.009209911338984966,0.012792524881660938,0.1,66000.0
0.009442690759897232,0.012917588464915752,0.1,67000.0
0.010088164359331131,0.013043183833360672,0.1,68000.0
0.009564204141497612,0.013172222301363945,0.1,69000.0
0.009468045085668564,0.01329727377742529,0.1,70000.0
0.009710850194096565,0.013422450982034206,0.1,71000.0
0.009530557319521904,0.013544932007789612,0.1,72000.0
0.010598182678222656,0.013667186722159386,0.1,73000.0
0.009976159781217575,0.013787919655442238,0.1,74000.0
0.010635641403496265,0.013917723670601845,0.1,75000.0
0.01114727184176445,0.014045961201190948,0.1,76000.0
0.011726408265531063,0.014166399836540222,0.1,77000.0
0.010835186578333378,0.0142928222194314,0.1,78000.0
0.010525554418563843,0.014421471394598484,0.1,79000.0
0.010995727963745594,0.014547816477715969,0.1,80000.0
0.011136342771351337,0.014670788310468197,0.1,81000.0
0.010601582936942577,0.014794389717280865,0.1,82000.0
0.011446256190538406,0.014916808344423771,0.1,83000.0
0.0121610127389431,0.015037230215966702,0.1,84000.0
0.011068926192820072,0.015161583200097084,0.1,85000.0
0.011402505449950695,0.015292034484446049,0.1,86000.0
0.012484841980040073,0.015407237224280834,0.1,87000.0
0.011823116801679134,0.015533242374658585,0.1,88000.0
0.01376399863511324,0.015649495646357536,0.1,89000.0
0.012590041384100914,0.015779895707964897,0.1,90000.0
0.011411922983825207,0.01589813642203808,0.1,91000.0
0.013398878276348114,0.016012806445360184,0.1,92000.0
0.011868389323353767,0.016141407191753387,0.1,93000.0
0.013093916699290276,0.016274096444249153,0.1,94000.0
0.012734638527035713,0.016387922689318657,0.1,95000.0
0.013231242075562477,0.016506372019648552,0.1,96000.0
0.013018499128520489,0.01663813926279545,0.1,97000.0
0.013864528387784958,0.016754567623138428,0.1,98000.0
0.013664660044014454,0.01687886193394661,0.1,99000.0
0.013491851277649403,0.016997648403048515,0.1,100000.0
0.013593842275440693,0.017116069793701172,0.1,101000.0
0.013425742276012897,0.017240216955542564,0.1,102000.0
0.014422168955206871,0.01736048050224781,0.1,103000.0
0.013675748370587826,0.017483139410614967,0.1,104000.0
0.013396612368524075,0.01759376749396324,0.1,105000.0
0.014625231735408306,0.017718715593218803,0.1,106000.0
0.014709853567183018,0.017839595675468445,0.1,107000.0
0.014808428473770618,0.017963306978344917,0.1,108000.0
0.014631247147917747,0.018084965646266937,0.1,109000.0
0.014206615276634693,0.018212279304862022,0.1,110000.0
0.014576967805624008,0.018335042521357536,0.1,111000.0
0.015898188576102257,0.018451539799571037,0.1,112000.0
0.016537033021450043,0.018576115369796753,0.1,113000.0
0.015206650830805302,0.01870400458574295,0.1,114000.0
0.015112352557480335,0.018825922161340714,0.1,115000.0
0.01595466583967209,0.01894996128976345,0.1,116000.0
0.014858732931315899,0.01907317340373993,0.1,117000.0
0.015286462381482124,0.019201312214136124,0.1,118000.0
0.015439005568623543,0.019318416714668274,0.1,119000.0
0.016546715050935745,0.01944681629538536,0.1,120000.0
0.015288345515727997,0.019561436027288437,0.1,121000.0
0.016392303630709648,0.019680168479681015,0.1,122000.0
0.01644989848136902,0.019801579415798187,0.1,123000.0
0.016224676743149757,0.019931741058826447,0.1,124000.0
0.016351472586393356,0.02005666494369507,0.1,125000.0
0.016544168815016747,0.020169023424386978,0.1,126000.0
0.0174552071839571,0.02029610238969326,0.1,127000.0
0.017605705186724663,0.020443439483642578,0.1,128000.0
0.01667073369026184,0.020560208708047867,0.1,129000.0
0.017288418486714363,0.02068624459207058,0.1,130000.0
0.0166728924959898,0.02081051841378212,0.1,131000.0
0.018177850171923637,0.020933233201503754,0.1,132000.0
0.01746215857565403,0.021046806126832962,0.1,133000.0
0.018047073855996132,0.021172702312469482,0.1,134000.0
0.01772831566631794,0.021305950358510017,0.1,135000.0
0.01792208105325699,0.021436089649796486,0.1,136000.0
0.01882767677307129,0.0215732604265213,0.1,137000.0
0.0177046786993742,0.021703921258449554,0.1,138000.0
0.018290292471647263,0.02183704264461994,0.1,139000.0
0.016571728512644768,0.0219736211001873,0.1,140000.0
0.018892232328653336,0.02209830842912197,0.1,141000.0
0.017801569774746895,0.022207746282219887,0.1,142000.0
0.01885162852704525,0.022339481860399246,0.1,143000.0
0.019933605566620827,0.022477298974990845,0.1,144000.0
0.019435632973909378,0.02262953110039234,0.1,145000.0
0.020048221573233604,0.022761736065149307,0.1,146000.0
0.019737523049116135,0.022903723642230034,0.1,147000.0
0.020185133442282677,0.02303089015185833,0.1,148000.0
0.020390203222632408,0.02317519299685955,0.1,149000.0
0.019175274297595024,0.023321600630879402,0.1,150000.0
0.020378097891807556,0.0234481580555439,0.1,151000.0
0.019836286082863808,0.023579876869916916,0.1,152000.0
0.0212971493601799,0.02372908778488636,0.1,153000.0
0.020621884614229202,0.023875689134001732,0.1,154000.0
0.020335590466856956,0.024020696058869362,0.1,155000.0
0.020781518891453743,0.024147147312760353,0.1,156000.0
0.021090053021907806,0.024295855313539505,0.1,157000.0
0.020865213125944138,0.02443448267877102,0.1,158000.0
0.021873297169804573,0.024568842723965645,0.1,159000.0
0.02125791646540165,0.02471228502690792,0.1,160000.0
0.02152692712843418,0.024878004565835,0.1,161000.0
0.022711869329214096,0.02500147745013237,0.1,162000.0
0.021919019520282745,0.025161217898130417,0.1,163000.0
0.022739313542842865,0.02531406469643116,0.1,164000.0
0.02261975221335888,0.025446692481637,0.1,165000.0
0.021934321150183678,0.02560337632894516,0.1,166000.0
0.02189251035451889,0.02576308324933052,0.1,167000.0
0.02278204634785652,0.025901637971401215,0.1,168000.0
0.021999839693307877,0.026064390316605568,0.1,169000.0
0.022142766043543816,0.026212016120553017,0.1,170000.0
0.023071780800819397,0.026361066848039627,0.1,171000.0
0.02268952690064907,0.02651572786271572,0.1,172000.0
0.023611892014741898,0.026664763689041138,0.1,173000.0
0.023484233766794205,0.02682316303253174,0.1,174000.0
0.023568246513605118,0.027005957439541817,0.1,175000.0
0.02526838146150112,0.02716251276433468,0.1,176000.0
0.025315867736935616,0.027344534173607826,0.1,177000.0
0.024189313873648643,0.02752802148461342,0.1,178000.0
0.024360470473766327,0.027681730687618256,0.1,179000.0
0.02436435967683792,0.027855314314365387,0.1,180000.0
0.024865688756108284,0.02802443504333496,0.1,181000.0
0.025047149509191513,0.02817961387336254,0.1,182000.0
0.02465401217341423,0.028363924473524094,0.1,183000.0
0.026343267410993576,0.028514839708805084,0.1,184000.0
0.02588341385126114,0.028693998232483864,0.1,185000.0
0.025182977318763733,0.028879912570118904,0.1,186000.0
0.026348160579800606,0.029067466035485268,0.1,187000.0
0.02639869786798954,0.029247095808386803,0.1,188000.0
0.026346560567617416,0.029434768483042717,0.1,189000.0
0.026778569445014,0.029606282711029053,0.1,190000.0
0.02719290740787983,0.029797641560435295,0.1,191000.0
0.026325691491365433,0.030006151646375656,0.1,192000.0
0.02800271473824978,0.030183909460902214,0.1,193000.0
0.02742297761142254,0.030370470136404037,0.1,194000.0
0.02782740816473961,0.030542990192770958,0.1,195000.0
0.02801135554909706,0.03074730932712555,0.1,196000.0
0.027663247659802437,0.03094298765063286,0.1,197000.0
0.027257723733782768,0.03117527812719345,0.1,198000.0
0.028653332963585854,0.031364068388938904,0.1,199000.0
0.029014240950345993,0.03155248612165451,0.1,200000.0
0.028036123141646385,0.031748972833156586,0.1,201000.0
0.0285861287266016,0.031976696103811264,0.1,202000.0
0.02880403771996498,0.03217894211411476,0.1,203000.0
0.029074812307953835,0.03237345442175865,0.1,204000.0
0.031053686514496803,0.0325876921415329,0.1,205000.0
0.0309394970536232,0.032813746482133865,0.1,206000.0
0.029834793880581856,0.03302001953125,0.1,207000.0
0.030203314498066902,0.03328857943415642,0.1,208000.0
0.030824804678559303,0.03351784497499466,0.1,209000.0
0.03088374249637127,0.03374278172850609,0.1,210000.0
0.030935019254684448,0.03393730893731117,0.1,211000.0
0.03169996291399002,0.03419121727347374,0.1,212000.0
0.03123825043439865,0.03440522775053978,0.1,213000.0
0.031963881105184555,0.034657105803489685,0.1,214000.0
0.030829789116978645,0.034872669726610184,0.1,215000.0
0.03329203277826309,0.03511504828929901,0.1,216000.0
0.033292077481746674,0.03536868467926979,0.1,217000.0
0.03336184099316597,0.035611849278211594,0.1,218000.0
0.03278065100312233,0.03584322705864906,0.1,219000.0
0.03258717805147171,0.03610583767294884,0.1,220000.0
0.03413334861397743,0.0363646037876606,0.1,221000.0
0.03393968939781189,0.03661437705159187,0.1,222000.0
0.034220412373542786,0.03686187043786049,0.1,223000.0
0.033762235194444656,0.03712517395615578,0.1,224000.0
0.03430570662021637,0.037399958819150925,0.1,225000.0
0.034931737929582596,0.03766118362545967,0.1,226000.0
0.035580556839704514,0.03795035555958748,0.1,227000.0
0.03607537969946861,0.03822169080376625,0.1,228000.0
0.03670477122068405,0.03850019350647926,0.1,229000.0
0.03702447935938835,0.03876325488090515,0.1,230000.0
0.037351612001657486,0.03905945643782616,0.1,231000.0
0.036423709243535995,0.039362262934446335,0.1,232000.0
0.03634294122457504,0.03963233530521393,0.1,233000.0
0.03764244168996811,0.03992844372987747,0.1,234000.0
0.038101810961961746,0.04021233692765236,0.1,235000.0
0.03851841390132904,0.04050435498356819,0.1,236000.0
0.0384565070271492,0.040801335126161575,0.1,237000.0
0.03752042353153229,0.041099291294813156,0.1,238000.0
0.03835282474756241,0.04143425449728966,0.1,239000.0
0.039088837802410126,0.041733209043741226,0.1,240000.0
0.04105087369680405,0.04204074665904045,0.1,241000.0
0.03932305425405502,0.04238184541463852,0.1,242000.0
0.04017851501703262,0.04269680008292198,0.1,243000.0
0.03953734412789345,0.043011438101530075,0.1,244000.0
0.04025373235344887,0.04334241896867752,0.1,245000.0
0.04174232855439186,0.043685004115104675,0.1,246000.0
0.041914187371730804,0.04399671405553818,0.1,247000.0
0.04179641976952553,0.0443585105240345,0.1,248000.0
0.043511781841516495,0.044683296233415604,0.1,249000.0
0.04183272272348404,0.045028071850538254,0.1,250000.0
0.04370099678635597,0.04539354145526886,0.1,251000.0
0.0441657155752182,0.045710865408182144,0.1,252000.0
0.043910637497901917,0.04607686027884483,0.1,253000.0
0.04438798129558563,0.0464697889983654,0.1,254000.0
0.045060452073812485,0.04683208465576172,0.1,255000.0
0.04437507688999176,0.047207873314619064,0.1,256000.0
0.04485597461462021,0.04757721722126007,0.1,257000.0
0.045771948993206024,0.04789629951119423,0.1,258000.0
0.046135809272527695,0.048283811658620834,0.1,259000.0
0.045887988060712814,0.048690713942050934,0.1,260000.0
0.04687613248825073,0.04906114563345909,0.1,261000.0
0.047655943781137466,0.04946896433830261,0.1,262000.0
0.04687773436307907,0.04985184594988823,0.1,263000.0
0.048168305307626724,0.050253573805093765,0.1,264000.0
0.04893657565116882,0.05067097768187523,0.1,265000.0
0.049760591238737106,0.05108417943120003,0.1,266000.0
0.049603670835494995,0.051472436636686325,0.1,267000.0
0.04981283098459244,0.05186575651168823,0.1,268000.0
0.05071144923567772,0.052256952971220016,0.1,269000.0
0.05003159120678902,0.05269473046064377,0.1,270000.0
0.05142805352807045,0.0531095527112484,0.1,271000.0
0.05163880065083504,0.05357882380485535,0.1,272000.0
0.05147615820169449,0.05400716885924339,0.1,273000.0
0.05332252383232117,0.05444988235831261,0.1,274000.0
0.05432645604014397,0.054862529039382935,0.1,275000.0
0.05325118452310562,0.05531276389956474,0.1,276000.0
0.05333935469388962,0.055737413465976715,0.1,277000.0
0.053839243948459625,0.05616621673107147,0.1,278000.0
0.05514637008309364,0.056619059294462204,0.1,279000.0
0.054808229207992554,0.0570850744843483,0.1,280000.0
0.054671160876750946,0.05754736065864563,0.1,281000.0
0.05606758967041969,0.05800086632370949,0.1,282000.0
0.0569227933883667,0.05847765505313873,0.1,283000.0
0.05770418792963028,0.05896216258406639,0.1,284000.0
0.05788852646946907,0.059444691985845566,0.1,285000.0
0.05795353278517723,0.05998703092336655,0.1,286000.0
0.06014260649681091,0.06040961295366287,0.1,287000.0
0.059643346816301346,0.06094559282064438,0.1,288000.0
0.05967600271105766,0.06137576326727867,0.1,289000.0
0.06259548664093018,0.06187063828110695,0.1,290000.0
0.0608651340007782,0.062371768057346344,0.1,291000.0
0.061300791800022125,0.062894307076931,0.1,292000.0
0.061158690601587296,0.06344003230333328,0.1,293000.0
0.06267202645540237,0.06386948376893997,0.1,294000.0
0.062330156564712524,0.0644441694021225,0.1,295000.0
0.06396699696779251,0.06493620574474335,0.1,296000.0
0.06330117583274841,0.065459243953228,0.1,297000.0
0.06441796571016312,0.06597211211919785,0.1,298000.0
0.06473641097545624,0.06655745208263397,0.1,299000.0
0.0667143315076828,0.06707271933555603,0.1,300000.0
0.06642939150333405,0.06763312965631485,0.1,301000.0
0.06727071851491928,0.0681384801864624,0.1,302000.0
0.06823766231536865,0.06867848336696625,0.1,303000.0
0.06729717552661896,0.06923378258943558,0.1,304000.0
0.0681280568242073,0.06983548402786255,0.1,305000.0
0.06866498291492462,0.07036145776510239,0.1,306000.0
0.070520780980587,0.07090044766664505,0.1,307000.0
0.06929289549589157,0.0715208426117897,0.1,308000.0
0.0704757422208786,0.07208123058080673,0.1,309000.0
0.07162303477525711,0.07260928303003311,0.1,310000.0
0.07291587442159653,0.07318084686994553,0.1,311000.0
0.07232048362493515,0.0737868919968605,0.1,312000.0
0.07400918751955032,0.07435659319162369,0.1,313000.0
0.07403938472270966,0.07496313750743866,0.1,314000.0
0.07359860837459564,0.07550676167011261,0.1,315000.0
0.07478181272745132,0.07611530274152756,0.1,316000.0
0.07637382298707962,0.07674328982830048,0.1,317000.0
0.07645775377750397,0.07733376324176788,0.1,318000.0
0.07705874741077423,0.07800696790218353,0.1,319000.0
0.07840557396411896,0.07856890559196472,0.1,320000.0
0.07853130996227264,0.07915636897087097,0.1,321000.0
0.07935553044080734,0.07979728281497955,0.1,322000.0
0.07941584289073944,0.08037333935499191,0.1,323000.0
0.07941090315580368,0.08098671585321426,0.1,324000.0
0.08069710433483124,0.08162231743335724,0.1,325000.0
0.08220367878675461,0.08225150406360626,0.1,326000.0
0.0816778764128685,0.08288607001304626,0.1,327000.0
0.08273916691541672,0.0835413858294487,0.1,328000.0
0.08349137753248215,0.08421114087104797,0.1,329000.0
0.08369326591491699,0.08475804328918457,0.1,330000.0
0.08485528081655502,0.08543512225151062,0.1,331000.0
0.08566353470087051,0.08605315536260605,0.1,332000.0
0.08622357994318008,0.08664781600236893,0.1,333000.0
0.08662451058626175,0.08730440586805344,0.1,334000.0
0.08813559263944626,0.08797569572925568,0.1,335000.0
0.08886440843343735,0.08861608803272247,0.1,336000.0
0.08902823179960251,0.08926613628864288,0.1,337000.0
0.08897876739501953,0.09000988304615021,0.1,338000.0
0.09049392491579056,0.0906219333410263,0.1,339000.0
0.0902797281742096,0.09126795083284378,0.1,340000.0
0.09146785736083984,0.09190239757299423,0.1,341000.0
0.09151537716388702,0.09257686883211136,0.1,342000.0
0.09357459843158722,0.09321033954620361,0.1,343000.0
0.09314620494842529,0.09393952041864395,0.1,344000.0
0.09613092243671417,0.09453345835208893,0.1,345000.0
0.09563969820737839,0.09517554193735123,0.1,346000.0
0.09524624794721603,0.09587180614471436,0.1,347000.0
0.09710320085287094,0.09658543020486832,0.1,348000.0
0.09666702896356583,0.09724219143390656,0.1,349000.0
0.09737948328256607,0.09792083501815796,0.1,350000.0
0.09902755171060562,0.09860587865114212,0.1,351000.0
0.09910903126001358,0.09926646947860718,0.1,352000.0
0.10090485960245132,0.09992139786481857,0.1,353000.0
0.09960223734378815,0.10060255229473114,0.1,354000.0
0.10180233418941498,0.10121145844459534,0.1,355000.0
0.1031997799873352,0.10192231833934784,0.1,356000.0
0.102350614964962,0.10259115695953369,0.1,357000.0
0.10257479548454285,0.10324139893054962,0.1,358000.0
0.10440056025981903,0.10401954501867294,0.1,359000.0
0.1054014340043068,0.10470978170633316,0.1,360000.0
0.1050061509013176,0.10540035367012024,0.1,361000.0
0.10745151340961456,0.10605236887931824,0.1,362000.0
0.10675884783267975,0.10668076574802399,0.1,363000.0
0.10771502554416656,0.10738979279994965,0.1,364000.0
0.10869919508695602,0.10808154195547104,0.1,365000.0
0.10789067298173904,0.10880858451128006,0.1,366000.0
0.11042796820402145,0.10938287526369095,0.1,367000.0
0.11007107049226761,0.11008065193891525,0.1,368000.0
0.11190596222877502,0.11069429665803909,0.1,369000.0
0.11219233274459839,0.11138696223497391,0.1,370000.0
0.11251003295183182,0.11205630004405975,0.1,371000.0
0.1137949526309967,0.11276586353778839,0.1,372000.0
0.11512752622365952,0.1134318932890892,0.1,373000.0
0.1138748750090599,0.11414400488138199,0.1,374000.0
0.11506381630897522,0.11483398824930191,0.1,375000.0
0.11539723724126816,0.11553089320659637,0.1,376000.0
0.11701733618974686,0.1160673126578331,0.1,377000.0
0.11786945909261703,0.11679240316152573,0.1,378000.0
0.1181476041674614,0.11742601543664932,0.1,379000.0
0.11960233002901077,0.11815913766622543,0.1,380000.0
0.12078002095222473,0.11873137205839157,0.1,381000.0
0.12046407163143158,0.11937101930379868,0.1,382000.0
0.12054973095655441,0.12000157684087753,0.1,383000.0
0.1212184801697731,0.12076554447412491,0.1,384000.0
0.12248826771974564,0.12135712057352066,0.1,385000.0
0.1230166107416153,0.12196661531925201,0.1,386000.0
0.12177272886037827,0.12262612581253052,0.1,387000.0
0.1251843422651291,0.12332592159509659,0.1,388000.0
0.12407457828521729,0.12397125363349915,0.1,389000.0
0.12627571821212769,0.12471083551645279,0.1,390000.0
0.12603548169136047,0.12528829276561737,0.1,391000.0
0.12903110682964325,0.12583503127098083,0.1,392000.0
0.12610462307929993,0.1265958696603775,0.1,393000.0
0.12872794270515442,0.1272556036710739,0.1,394000.0
0.12838254868984222,0.12780320644378662,0.1,395000.0
0.12903782725334167,0.12841804325580597,0.1,396000.0
0.12979653477668762,0.12913493812084198,0.1,397000.0
0.13106079399585724,0.12981097400188446,0.1,398000.0
0.13157221674919128,0.13035637140274048,0.1,399000.0
0.1319296807050705,0.13091923296451569,0.1,400000.0
0.1321030706167221,0.13156886398792267,0.1,401000.0
0.13471995294094086,0.13225649297237396,0.1,402000.0
0.1336725652217865,0.13284429907798767,0.1,403000.0
0.13561393320560455,0.13342250883579254,0.1,404000.0
0.13528509438037872,0.13402239978313446,0.1,405000.0
0.13684633374214172,0.13469132781028748,0.1,406000.0
0.13467243313789368,0.1352832019329071,0.1,407000.0
0.13788914680480957,0.13589845597743988,0.1,408000.0
0.1384473294019699,0.1364944726228714,0.1,409000.0
0.13710343837738037,0.13710899651050568,0.1,410000.0
0.13937455415725708,0.1377159208059311,0.1,411000.0
0.13983991742134094,0.1382480263710022,0.1,412000.0
0.1408662647008896,0.1387561559677124,0.1,413000.0
0.1421491950750351,0.13927270472049713,0.1,414000.0
0.14169885218143463,0.13988655805587769,0.1,415000.0
0.14201518893241882,0.14058475196361542,0.1,416000.0
0.14310486614704132,0.14104849100112915,0.1,417000.0
0.1433914303779602,0.14163440465927124,0.1,418000.0
0.14353416860103607,0.14220242202281952,0.1,419000.0
0.1438957005739212,0.14271624386310577,0.1,420000.0
0.14664937555789948,0.1432858407497406,0.1,421000.0
0.14389856159687042,0.14382803440093994,0.1,422000.0
0.14606821537017822,0.14440348744392395,0.1,423000.0
0.1470632255077362,0.14504201710224152,0.1,424000.0
0.14762704074382782,0.1454593688249588,0.1,425000.0
0.1466570496559143,0.14611276984214783,0.1,426000.0
0.14950476586818695,0.14659428596496582,0.1,427000.0
0.14951738715171814,0.14704279601573944,0.1,428000.0
0.1498742401599884,0.14756733179092407,0.1,429000.0
0.15030017495155334,0.14811788499355316,0.1,430000.0
0.15043702721595764,0.14861607551574707,0.1,431000.0
0.150795578956604,0.14915812015533447,0.1,432000.0
0.14990447461605072,0.14978791773319244,0.1,433000.0
0.1542421281337738,0.15028107166290283,0.1,434000.0
0.15254715085029602,0.15070253610610962,0.1,435000.0
0.15392838418483734,0.1512843668460846,0.1,436000.0
0.15314921736717224,0.15172190964221954,0.1,437000.0
0.15442007780075073,0.15226173400878906,0.1,438000.0
0.15531013906002045,0.15270327031612396,0.1,439000.0
0.15489131212234497,0.15323299169540405,0.1,440000.0
0.15575659275054932,0.1537134051322937,0.1,441000.0
0.15649807453155518,0.15416528284549713,0.1,442000.0
0.15774866938591003,0.1546788215637207,0.1,443000.0
0.1566009223461151,0.1552187204360962,0.1,444000.0
0.15769796073436737,0.15559716522693634,0.1,445000.0
0.15887652337551117,0.15603366494178772,0.1,446000.0
0.15848128497600555,0.1565685123205185,0.1,447000.0
0.15921907126903534,0.15708963572978973,0.1,448000.0
0.16072013974189758,0.15750470757484436,0.1,449000.0
0.16056597232818604,0.15784582495689392,0.1,450000.0
0.16041216254234314,0.15838569402694702,0.1,451000.0
0.16137243807315826,0.1588910073041916,0.1,452000.0
0.1621883064508438,0.15938571095466614,0.1,453000.0
0.16314689815044403,0.15985077619552612,0.1,454000.0
0.1611279398202896,0.16018156707286835,0.1,455000.0
0.16256539523601532,0.1606665998697281,0.1,456000.0
0.16423508524894714,0.161011204123497,0.1,457000.0
0.16394813358783722,0.16146482527256012,0.1,458000.0
0.1644725650548935,0.16197672486305237,0.1,459000.0
0.16462549567222595,0.1622830182313919,0.1,460000.0
0.16589707136154175,0.1627722680568695,0.1,461000.0
0.16639743745326996,0.16315984725952148,0.1,462000.0
0.1664401739835739,0.16362369060516357,0.1,463000.0
0.1661173552274704,0.16410093009471893,0.1,464000.0
0.16683952510356903,0.16447848081588745,0.1,465000.0
0.16645650565624237,0.16493360698223114,0.1,466000.0
0.16855540871620178,0.16531789302825928,0.1,467000.0
0.16773280501365662,0.1656855195760727,0.1,468000.0
0.16960565745830536,0.16609792411327362,0.1,469000.0
0.16871331632137299,0.166516974568367,0.1,470000.0
0.1692521870136261,0.1668577790260315,0.1,471000.0
0.16981825232505798,0.16725651919841766,0.1,472000.0
0.1702774465084076,0.16771602630615234,0.1,473000.0
0.17106056213378906,0.16802041232585907,0.1,474000.0
0.1715981364250183,0.16844946146011353,0.1,475000.0
0.17217855155467987,0.16879233717918396,0.1,476000.0
0.17270296812057495,0.16928355395793915,0.1,477000.0
0.17170417308807373,0.16959388554096222,0.1,478000.0
0.17326997220516205,0.16998182237148285,0.1,479000.0
0.17414924502372742,0.17041489481925964,0.1,480000.0
0.17244382202625275,0.17070968449115753,0.1,481000.0
0.17453071475028992,0.17109891772270203,0.1,482000.0
0.17628487944602966,0.1714121252298355,0.1,483000.0
0.17349982261657715,0.171824112534523,0.1,484000.0
0.1743880957365036,0.1721859872341156,0.1,485000.0
0.1754530370235443,0.172563835978508,0.1,486000.0
0.1761825680732727,0.1730305254459381,0.1,487000.0
0.17588084936141968,0.17326310276985168,0.1,488000.0
0.17733773589134216,0.17356042563915253,0.1,489000.0
0.17751748859882355,0.17398273944854736,0.1,490000.0
0.17725807428359985,0.17430345714092255,0.1,491000.0
0.17789095640182495,0.17456933856010437,0.1,492000.0
0.17689849436283112,0.17499247193336487,0.1,493000.0
0.17750327289104462,0.1754472851753235,0.1,494000.0
0.17960983514785767,0.1756477653980255,0.1,495000.0
0.1790182739496231,0.17603914439678192,0.1,496000.0
0.1789269745349884,0.17638984322547913,0.1,497000.0
0.18025381863117218,0.17671515047550201,0.1,498000.0
0.18195229768753052,0.177008256316185,0.1,499000.0
0.009932446293532848,0.006546357646584511,0.5,0.0
0.006961196195334196,0.006567596923559904,0.5,1000.0
0.004871021956205368,0.00658800033852458,0.5,2000.0
0.004025780595839024,0.006605764850974083,0.5,3000.0
0.0032561304979026318,0.006627686787396669,0.5,4000.0
0.0025977713521569967,0.006661446299403906,0.5,5000.0
0.003567725419998169,0.006690044887363911,0.5,6000.0
0.0028594289906322956,0.00672531733289361,0.5,7000.0
0.0030314570758491755,0.006765424739569426,0.5,8000.0
0.0031019351445138454,0.006810424383729696,0.5,9000.0
0.0031635023187845945,0.006869853474199772,0.5,10000.0
0.0031630396842956543,0.006936254445463419,0.5,11000.0
0.0031388013157993555,0.007010947447270155,0.5,12000.0
0.00286431098356843,0.0070997318252921104,0.5,13000.0
0.0033834027126431465,0.007190735545009375,0.5,14000.0
0.0034580498468130827,0.00728593859821558,0.5,15000.0
0.0034557802136987448,0.007395933847874403,0.5,16000.0
0.003630596213042736,0.007509477436542511,0.5,17000.0
0.0038030766882002354,0.007637055590748787,0.5,18000.0
0.003243492217734456,0.007772192358970642,0.5,19000.0
0.003875217866152525,0.007891841232776642,0.5,20000.0
0.004227944649755955,0.008047400042414665,0.5,21000.0
0.004629264585673809,0.008190509863197803,0.5,22000.0
0.004884134512394667,0.00836879014968872,0.5,23000.0
0.004268638323992491,0.008539692498743534,0.5,24000.0
0.005377687513828278,0.00874059647321701,0.5,25000.0
0.004690596368163824,0.00893153715878725,0.5,26000.0
0.005280027166008949,0.009115489199757576,0.5,27000.0
0.005281795281916857,0.009320583194494247,0.5,28000.0
0.005866720341145992,0.009545194916427135,0.5,29000.0
0.006043747998774052,0.00975354015827179,0.5,30000.0
0.005800092127174139,0.009995362721383572,0.5,31000.0
0.007113438565284014,0.0102221155539155,0.5,32000.0
0.006624996662139893,0.010444347746670246,0.5,33000.0
0.006954440381377935,0.010685417801141739,0.5,34000.0
0.007723904214799404,0.010945763438940048,0.5,35000.0
0.007326023653149605,0.011209560558199883,0.5,36000.0
0.007872402667999268,0.011482562869787216,0.5,37000.0
0.00800293032079935,0.011797481216490269,0.5,38000.0
0.008906315080821514,0.01211186870932579,0.5,39000.0
0.009092847816646099,0.012455523014068604,0.5,40000.0
0.009137293323874474,0.012763135135173798,0.5,41000.0
0.009627475403249264,0.013127544894814491,0.5,42000.0
0.01003477443009615,0.013467712327837944,0.5,43000.0
0.010908074676990509,0.013864277862012386,0.5,44000.0
0.010688431560993195,0.014263231307268143,0.5,45000.0
0.010569428093731403,0.014684776775538921,0.5,46000.0
0.011435385793447495,0.015128717757761478,0.5,47000.0
0.011883764527738094,0.015578440390527248,0.5,48000.0
0.011896018870174885,0.01607898250222206,0.5,49000.0
0.01270327065140009,0.01664056070148945,0.5,50000.0
0.013112190179526806,0.017143461853265762,0.5,51000.0
0.014291975647211075,0.0177601370960474,0.5,52000.0
0.01510556973516941,0.018364056944847107,0.5,53000.0
0.015133246779441833,0.019012603908777237,0.5,54000.0
0.015211068093776703,0.019720718264579773,0.5,55000.0
0.017497846856713295,0.020403055474162102,0.5,56000.0
0.016976159065961838,0.021174168214201927,0.5,57000.0
0.018400877714157104,0.02190849371254444,0.5,58000.0
0.018997838720679283,0.02274012565612793,0.5,59000.0
0.01936662569642067,0.023611407727003098,0.5,60000.0
0.02020012028515339,0.024589480832219124,0.5,61000.0
0.0220195259898901,0.02548792213201523,0.5,62000.0
0.023563196882605553,0.026679329574108124,0.5,63000.0
0.023268599063158035,0.02759678103029728,0.5,64000.0
0.025759601965546608,0.028821634128689766,0.5,65000.0
0.02625870332121849,0.030010178685188293,0.5,66000.0
0.027881290763616562,0.031182987615466118,0.5,67000.0
0.028344497084617615,0.03255826607346535,0.5,68000.0
0.030135324224829674,0.03375270962715149,0.5,69000.0
0.03125312179327011,0.035204384475946426,0.5,70000.0
0.03237657621502876,0.03662733733654022,0.5,71000.0
0.034990254789590836,0.03811616450548172,0.5,72000.0
0.035419125109910965,0.03973543643951416,0.5,73000.0
0.03769538551568985,0.04122729226946831,0.5,74000.0
0.04034395515918732,0.04288995638489723,0.5,75000.0
0.03991660103201866,0.04431941360235214,0.5,76000.0
0.043805114924907684,0.0460452102124691,0.5,77000.0
0.04281475767493248,0.047732897102832794,0.5,78000.0
0.0462702214717865,0.049494728446006775,0.5,79000.0
0.04776708781719208,0.051108162850141525,0.5,80000.0
0.04952701926231384,0.05302729457616806,0.5,81000.0
0.0515843965113163,0.05460211634635925,0.5,82000.0
0.05308324843645096,0.05623672157526016,0.5,83000.0
0.0549260750412941,0.058193232864141464,0.5,84000.0
0.056716643273830414,0.05974148213863373,0.5,85000.0
0.05839807167649269,0.061596501618623734,0.5,86000.0
0.060781385749578476,0.06338690221309662,0.5,87000.0
0.06171359494328499,0.06497510522603989,0.5,88000.0
0.06335737556219101,0.06677161902189255,0.5,89000.0
0.06495850533246994,0.06829290091991425,0.5,90000.0
0.06732724606990814,0.0703025609254837,0.5,91000.0
0.0689488872885704,0.07134012877941132,0.5,92000.0
0.07052375376224518,0.07301775366067886,0.5,93000.0
0.0723632276058197,0.07418330758810043,0.5,94000.0
0.0725952535867691,0.07583750784397125,0.5,95000.0
0.07587216794490814,0.07705363631248474,0.5,96000.0
0.07468394935131073,0.07823493331670761,0.5,97000.0
0.07815103232860565,0.07931354641914368,0.5,98000.0
0.0775623768568039,0.08100560307502747,0.5,99000.0
0.08100137859582901,0.08178152143955231,0.5,100000.0
0.0803474485874176,0.0833733081817627,0.5,101000.0
0.08232108503580093,0.08435514569282532,0.5,102000.0
0.0835026279091835,0.08528237789869308,0.5,103000.0
0.08424399793148041,0.08650235831737518,0.5,104000.0
0.08619698137044907,0.08734981715679169,0.5,105000.0
0.08605213463306427,0.0887545645236969,0.5,106000.0
0.08848575502634048,0.08934160321950912,0.5,107000.0
0.08888251334428787,0.09060368686914444,0.5,108000.0
0.08944318443536758,0.09120652824640274,0.5,109000.0
0.09156723320484161,0.09258861094713211,0.5,110000.0
0.0914561003446579,0.09290972352027893,0.5,111000.0
0.0934656411409378,0.09434229880571365,0.5,112000.0
0.09372303634881973,0.09498874843120575,0.5,113000.0
0.0940391942858696,0.09591057151556015,0.5,114000.0
0.0954473614692688,0.09640650451183319,0.5,115000.0
0.09551288187503815,0.09731466323137283,0.5,116000.0
0.09724992513656616,0.09800007194280624,0.5,117000.0
0.09729396551847458,0.09893138706684113,0.5,118000.0
0.09941639751195908,0.09939926862716675,0.5,119000.0
0.09869002550840378,0.10021059215068817,0.5,120000.0
0.10069158673286438,0.10096254199743271,0.5,121000.0
0.1007121130824089,0.10176648944616318,0.5,122000.0
0.10213766247034073,0.10258348286151886,0.5,123000.0
0.10216578841209412,0.10323560237884521,0.5,124000.0
0.10330070555210114,0.10405726730823517,0.5,125000.0
0.10406579822301865,0.1049361452460289,0.5,126000.0
0.10386134684085846,0.10543801635503769,0.5,127000.0
0.10560972988605499,0.10629566758871078,0.5,128000.0
0.10599060356616974,0.10678928345441818,0.5,129000.0
0.10693904757499695,0.1074037030339241,0.5,130000.0
0.10728026181459427,0.10804174095392227,0.5,131000.0
0.10898926854133606,0.10868373513221741,0.5,132000.0
0.10918271541595459,0.1095312312245369,0.5,133000.0
0.10848729312419891,0.11014843732118607,0.5,134000.0
0.11077945679426193,0.11121144145727158,0.5,135000.0
0.11017990857362747,0.11168937385082245,0.5,136000.0
0.11217113584280014,0.1124262586236,0.5,137000.0
0.11232342571020126,0.1131875142455101,0.5,138000.0
0.11299620568752289,0.113715760409832,0.5,139000.0
0.11545084416866302,0.11450111120939255,0.5,140000.0
0.11274786293506622,0.11507134139537811,0.5,141000.0
0.11657911539077759,0.11571256071329117,0.5,142000.0
0.11606797575950623,0.11630848050117493,0.5,143000.0
0.11637943238019943,0.11733969300985336,0.5,144000.0
0.118598073720932,0.1176912859082222,0.5,145000.0
0.11706752330064774,0.11846400797367096,0.5,146000.0
0.11939438432455063,0.11919569224119186,0.5,147000.0
0.11846204847097397,0.12008495628833771,0.5,148000.0
0.11917494982481003,0.1206267699599266,0.5,149000.0
0.12129493057727814,0.12126471847295761,0.5,150000.0
0.12221114337444305,0.12208807468414307,0.5,151000.0
0.12244721502065659,0.12266794592142105,0.5,152000.0
0.12284520268440247,0.12322935461997986,0.5,153000.0
0.1223335936665535,0.12381303310394287,0.5,154000.0
0.12440498918294907,0.1245649978518486,0.5,155000.0
0.12367094308137894,0.1253262162208557,0.5,156000.0
0.1262093484401703,0.12591767311096191,0.5,157000.0
0.12651456892490387,0.1266193687915802,0.5,158000.0
0.12758402526378632,0.12738139927387238,0.5,159000.0
0.12757271528244019,0.12791186571121216,0.5,160000.0
0.12956847250461578,0.12881457805633545,0.5,161000.0
0.12815861403942108,0.1293790191411972,0.5,162000.0
0.13018442690372467,0.1300157755613327,0.5,163000.0
0.1293613612651825,0.13051313161849976,0.5,164000.0
0.13008055090904236,0.13139605522155762,0.5,165000.0
0.13280710577964783,0.1317036747932434,0.5,166000.0
0.1319422572851181,0.13271044194698334,0.5,167000.0
0.13369250297546387,0.13347075879573822,0.5,168000.0
0.1339658498764038,0.134175643324852,0.5,169000.0
0.1346103399991989,0.13480474054813385,0.5,170000.0
0.13490749895572662,0.13545356690883636,0.5,171000.0
0.13748671114444733,0.13610893487930298,0.5,172000.0
0.1366426944732666,0.13675642013549805,0.5,173000.0
0.1376277357339859,0.13741278648376465,0.5,174000.0
0.13709694147109985,0.13821668922901154,0.5,175000.0
0.13928426802158356,0.13872824609279633,0.5,176000.0
0.13976594805717468,0.13929204642772675,0.5,177000.0
0.13937169313430786,0.14028321206569672,0.5,178000.0
0.14056037366390228,0.1407017707824707,0.5,179000.0
0.14142835140228271,0.14155758917331696,0.5,180000.0
0.14271457493305206,0.14218437671661377,0.5,181000.0
0.14329972863197327,0.14293208718299866,0.5,182000.0
0.14316405355930328,0.14343059062957764,0.5,183000.0
0.1446150541305542,0.14387579262256622,0.5,184000.0
0.14352135360240936,0.1448548287153244,0.5,185000.0
0.14616817235946655,0.14563952386379242,0.5,186000.0
0.1445147693157196,0.14589811861515045,0.5,187000.0
0.14760194718837738,0.14682993292808533,0.5,188000.0
0.14609967172145844,0.14702662825584412,0.5,189000.0
0.14809730648994446,0.1482110172510147,0.5,190000.0
0.14824582636356354,0.1483135223388672,0.5,191000.0
0.14969941973686218,0.14944696426391602,0.5,192000.0
0.1487637758255005,0.1497625708580017,0.5,193000.0
0.1516922116279602,0.15040121972560883,0.5,194000.0
0.14999212324619293,0.15120409429073334,0.5,195000.0
0.15255852043628693,0.15184913575649261,0.5,196000.0
0.15276016294956207,0.15271615982055664,0.5,197000.0
0.1541077196598053,0.15326692163944244,0.5,198000.0
0.15359419584274292,0.1540398895740509,0.5,199000.0
0.15562006831169128,0.1544715315103531,0.5,200000.0
0.15393127501010895,0.15507645905017853,0.5,201000.0
0.15742307901382446,0.1561688482761383,0.5,202000.0
0.15548163652420044,0.1562289148569107,0.5,203000.0
0.1578446626663208,0.1574244201183319,0.5,204000.0
0.15767966210842133,0.1578032225370407,0.5,205000.0
0.15911754965782166,0.15846189856529236,0.5,206000.0
0.1585577130317688,0.15903222560882568,0.5,207000.0
0.16166874766349792,0.15992088615894318,0.5,208000.0
0.15967580676078796,0.16034665703773499,0.5,209000.0
0.1623857170343399,0.16103515028953552,0.5,210000.0
0.16104231774806976,0.1617487519979477,0.5,211000.0
0.16359172761440277,0.1621869057416916,0.5,212000.0
0.1633215844631195,0.16318924725055695,0.5,213000.0
0.16413471102714539,0.16391439735889435,0.5,214000.0
0.16475170850753784,0.164591982960701,0.5,215000.0
0.1643635630607605,0.16521111130714417,0.5,216000.0
0.16705107688903809,0.16559387743473053,0.5,217000.0
0.16584673523902893,0.16632701456546783,0.5,218000.0
0.1673891693353653,0.16664215922355652,0.5,219000.0
0.16716592013835907,0.16745619475841522,0.5,220000.0
0.16914105415344238,0.16820338368415833,0.5,221000.0
0.16814950108528137,0.16879290342330933,0.5,222000.0
0.1698070466518402,0.1694592386484146,0.5,223000.0
0.16999977827072144,0.16999664902687073,0.5,224000.0
0.17217788100242615,0.1706259697675705,0.5,225000.0
0.17119315266609192,0.1714591681957245,0.5,226000.0
0.1725657433271408,0.17178456485271454,0.5,227000.0
0.17431654036045074,0.17268896102905273,0.5,228000.0
0.17170023918151855,0.17287476360797882,0.5,229000.0
0.17421382665634155,0.17384400963783264,0.5,230000.0
0.17361699044704437,0.1741323322057724,0.5,231000.0
0.17688211798667908,0.175275057554245,0.5,232000.0
0.17551888525485992,0.17567673325538635,0.5,233000.0
0.17656540870666504,0.1762530654668808,0.5,234000.0
0.1781962513923645,0.17695820331573486,0.5,235000.0
0.17766375839710236,0.17770887911319733,0.5,236000.0
0.17870187759399414,0.1779443621635437,0.5,237000.0
0.1796419769525528,0.17904725670814514,0.5,238000.0
0.1794830560684204,0.1794046014547348,0.5,239000.0
0.18050986528396606,0.1799500286579132,0.5,240000.0
0.18131519854068756,0.18080425262451172,0.5,241000.0
0.18207353353500366,0.18136486411094666,0.5,242000.0
0.18320900201797485,0.18190625309944153,0.5,243000.0
0.1832716464996338,0.18262207508087158,0.5,244000.0
0.18352077901363373,0.1832021027803421,0.5,245000.0
0.18402603268623352,0.18390227854251862,0.5,246000.0
0.18466274440288544,0.18454156816005707,0.5,247000.0
0.18650515377521515,0.18476149439811707,0.5,248000.0
0.18490491807460785,0.1860961616039276,0.5,249000.0
0.18778862059116364,0.1861719787120819,0.5,250000.0
0.18579019606113434,0.18681398034095764,0.5,251000.0
0.18934756517410278,0.18766573071479797,0.5,252000.0
0.18721021711826324,0.1878638118505478,0.5,253000.0
0.19038480520248413,0.18889181315898895,0.5,254000.0
0.18852703273296356,0.1891862154006958,0.5,255000.0
0.191746786236763,0.19003057479858398,0.5,256000.0
0.1897755116224289,0.19023679196834564,0.5,257000.0
0.19322064518928528,0.19162578880786896,0.5,258000.0
0.1898999661207199,0.19139660894870758,0.5,259000.0
0.19512982666492462,0.19269628822803497,0.5,260000.0
0.1899470090866089,0.19265887141227722,0.5,261000.0
0.19555647671222687,0.19382700324058533,0.5,262000.0
0.19272638857364655,0.19378745555877686,0.5,263000.0
0.19707992672920227,0.19516640901565552,0.5,264000.0
0.19470761716365814,0.19515936076641083,0.5,265000.0
0.19774413108825684,0.1963319480419159,0.5,266000.0
0.19566495716571808,0.19650930166244507,0.5,267000.0
0.1992262750864029,0.19752609729766846,0.5,268000.0
0.19639094173908234,0.19774718582630157,0.5,269000.0
0.20055639743804932,0.19854070246219635,0.5,270000.0
0.19730350375175476,0.19881556928157806,0.5,271000.0
0.20161785185337067,0.1996423453092575,0.5,272000.0
0.19640801846981049,0.19973036646842957,0.5,273000.0
0.2025984525680542,0.2008272111415863,0.5,274000.0
0.19852444529533386,0.2009698748588562,0.5,275000.0
0.20409227907657623,0.20206518471240997,0.5,276000.0
0.19969184696674347,0.20208217203617096,0.5,277000.0
0.2058091014623642,0.2032707929611206,0.5,278000.0
0.20052988827228546,0.20312142372131348,0.5,279000.0
0.20527055859565735,0.20450548827648163,0.5,280000.0
0.20283502340316772,0.20447799563407898,0.5,281000.0
0.20687951147556305,0.2061028629541397,0.5,282000.0
0.2056887000799179,0.20550905168056488,0.5,283000.0
0.20812548696994781,0.2069501280784607,0.5,284000.0
0.20587286353111267,0.20680774748325348,0.5,285000.0
0.2084599882364273,0.20783305168151855,0.5,286000.0
0.20741575956344604,0.2083359807729721,0.5,287000.0
0.21087035536766052,0.20906294882297516,0.5,288000.0
0.20977374911308289,0.209834486246109,0.5,289000.0
0.21216996014118195,0.2104024887084961,0.5,290000.0
0.21148143708705902,0.2109447866678238,0.5,291000.0
0.2135961502790451,0.21160687506198883,0.5,292000.0
0.21156205236911774,0.2123010754585266,0.5,293000.0
0.21531981229782104,0.21303421258926392,0.5,294000.0
0.21362434327602386,0.21360623836517334,0.5,295000.0
0.21438558399677277,0.2140185385942459,0.5,296000.0
0.216525137424469,0.21442091464996338,0.5,297000.0
0.2154167890548706,0.21483172476291656,0.5,298000.0
0.21711353957653046,0.21558202803134918,0.5,299000.0
0.21657857298851013,0.21634216606616974,0.5,300000.0
0.21912692487239838,0.21698753535747528,0.5,301000.0
0.21783192455768585,0.21758925914764404,0.5,302000.0
0.21937480568885803,0.21801038086414337,0.5,303000.0
0.22021996974945068,0.21864360570907593,0.5,304000.0
0.22085541486740112,0.21920955181121826,0.5,305000.0
0.2213992178440094,0.21980637311935425,0.5,306000.0
0.22089050710201263,0.2202475666999817,0.5,307000.0
0.22335880994796753,0.2208077758550644,0.5,308000.0
0.22241903841495514,0.22130261361598969,0.5,309000.0
0.22407254576683044,0.22187459468841553,0.5,310000.0
0.22299791872501373,0.22254234552383423,0.5,311000.0
0.2255939245223999,0.2228616327047348,0.5,312000.0
0.22551444172859192,0.22372160851955414,0.5,313000.0
0.22540855407714844,0.2241819053888321,0.5,314000.0
0.22560572624206543,0.22473207116127014,0.5,315000.0
0.22754253447055817,0.22533996403217316,0.5,316000.0
0.22569476068019867,0.22571919858455658,0.5,317000.0
0.22876320779323578,0.2264888435602188,0.5,318000.0
0.22684726119041443,0.22706258296966553,0.5,319000.0
0.23020683228969574,0.22764861583709717,0.5,320000.0
0.2278745323419571,0.22809945046901703,0.5,321000.0
0.23096100986003876,0.22886395454406738,0.5,322000.0
0.22905269265174866,0.22930721938610077,0.5,323000.0
0.23233672976493835,0.2296953648328781,0.5,324000.0
0.22992266714572906,0.23053036630153656,0.5,325000.0
0.23408083617687225,0.23073314130306244,0.5,326000.0
0.2305700182914734,0.23172062635421753,0.5,327000.0
0.23427969217300415,0.23190395534038544,0.5,328000.0
0.2322234958410263,0.2325698584318161,0.5,329000.0
0.23604363203048706,0.23319685459136963,0.5,330000.0
0.23466169834136963,0.23385775089263916,0.5,331000.0
0.2368353307247162,0.23386436700820923,0.5,332000.0
0.2369368076324463,0.2350708395242691,0.5,333000.0
0.23653759062290192,0.23516398668289185,0.5,334000.0
0.23867738246917725,0.23614594340324402,0.5,335000.0
0.23706437647342682,0.23624476790428162,0.5,336000.0
0.23924916982650757,0.23729147017002106,0.5,337000.0
0.2375427782535553,0.2373843789100647,0.5,338000.0
0.24029819667339325,0.2383146733045578,0.5,339000.0
0.23996375501155853,0.23835761845111847,0.5,340000.0
0.24188709259033203,0.23934249579906464,0.5,341000.0
0.24001824855804443,0.23952198028564453,0.5,342000.0
0.24223171174526215,0.24055342376232147,0.5,343000.0
0.24075718224048615,0.24067583680152893,0.5,344000.0
0.2429952770471573,0.24179209768772125,0.5,345000.0
0.24203424155712128,0.24140414595603943,0.5,346000.0
0.24406081438064575,0.24291597306728363,0.5,347000.0
0.24221757054328918,0.24217820167541504,0.5,348000.0
0.24564267694950104,0.2441854029893875,0.5,349000.0
0.24306991696357727,0.2431587427854538,0.5,350000.0
0.24636387825012207,0.2448558658361435,0.5,351000.0
0.2439490258693695,0.24431557953357697,0.5,352000.0
0.24771404266357422,0.2460944652557373,0.5,353000.0
0.2440824955701828,0.24543964862823486,0.5,354000.0
0.2482411116361618,0.24690669775009155,0.5,355000.0
0.2444016933441162,0.2462967336177826,0.5,356000.0
0.24884618818759918,0.2480321079492569,0.5,357000.0
0.2442547082901001,0.24731257557868958,0.5,358000.0
0.25006261467933655,0.2487238496541977,0.5,359000.0
0.2454187572002411,0.24841037392616272,0.5,360000.0
0.25178593397140503,0.2496994286775589,0.5,361000.0
0.24773409962654114,0.2499389797449112,0.5,362000.0
0.2522680461406708,0.250763475894928,0.5,363000.0
0.24796836078166962,0.25060367584228516,0.5,364000.0
0.25314879417419434,0.2514273226261139,0.5,365000.0
0.24748258292675018,0.2516123950481415,0.5,366000.0
0.2546095550060272,0.2527317702770233,0.5,367000.0
0.25045448541641235,0.2527605891227722,0.5,368000.0
0.25511857867240906,0.25405213236808777,0.5,369000.0
0.2526828944683075,0.2536372244358063,0.5,370000.0
0.2558746039867401,0.25506487488746643,0.5,371000.0
0.2539094090461731,0.25456756353378296,0.5,372000.0
0.25650522112846375,0.25634077191352844,0.5,373000.0
0.25186100602149963,0.25542837381362915,0.5,374000.0
0.2566261887550354,0.25724443793296814,0.5,375000.0
0.2517101466655731,0.25576871633529663,0.5,376000.0
0.2570333182811737,0.25819697976112366,0.5,377000.0
0.25460103154182434,0.2572626769542694,0.5,378000.0
0.2614854574203491,0.2593815326690674,0.5,379000.0
0.2557777166366577,0.2584494948387146,0.5,380000.0
0.26053693890571594,0.2601451277732849,0.5,381000.0
0.2552489936351776,0.259128600358963,0.5,382000.0
0.2623581886291504,0.2613771855831146,0.5,383000.0
0.2550823986530304,0.2599724233150482,0.5,384000.0
0.2635836601257324,0.26224541664123535,0.5,385000.0
0.2553653419017792,0.2609638273715973,0.5,386000.0
0.2633924186229706,0.26316049695014954,0.5,387000.0
0.2586175203323364,0.2621704638004303,0.5,388000.0
0.2657778561115265,0.264475554227829,0.5,389000.0
0.26167911291122437,0.2634594440460205,0.5,390000.0
0.26580125093460083,0.2654109597206116,0.5,391000.0
0.2611484229564667,0.26434507966041565,0.5,392000.0
0.26758238673210144,0.2665359079837799,0.5,393000.0
0.2624504566192627,0.2656749486923218,0.5,394000.0
0.2689789831638336,0.2674851417541504,0.5,395000.0
0.2645726799964905,0.2667265236377716,0.5,396000.0
0.2692115604877472,0.2681829035282135,0.5,397000.0
0.26329976320266724,0.26724839210510254,0.5,398000.0
0.2698664665222168,0.2692279815673828,0.5,399000.0
0.2625064551830292,0.2682660222053528,0.5,400000.0
0.2702593505382538,0.26955243945121765,0.5,401000.0
0.2616424560546875,0.2691631615161896,0.5,402000.0
0.27162134647369385,0.2710179090499878,0.5,403000.0
0.2664150595664978,0.27012258768081665,0.5,404000.0
0.27363449335098267,0.27226361632347107,0.5,405000.0
0.2686261832714081,0.27131223678588867,0.5,406000.0
0.27456194162368774,0.2735985219478607,0.5,407000.0
0.2700749337673187,0.27212098240852356,0.5,408000.0
0.27577412128448486,0.2747521698474884,0.5,409000.0
0.2713043689727783,0.27311205863952637,0.5,410000.0
0.2756160497665405,0.27559933066368103,0.5,411000.0
0.2712956666946411,0.2741624414920807,0.5,412000.0
0.277197003364563,0.27666348218917847,0.5,413000.0
0.2740139365196228,0.2755613327026367,0.5,414000.0
0.278847873210907,0.2773977816104889,0.5,415000.0
0.27344372868537903,0.276663601398468,0.5,416000.0
0.2803789973258972,0.2783990800380707,0.5,417000.0
0.2745325267314911,0.27761250734329224,0.5,418000.0
0.28123992681503296,0.27928879857063293,0.5,419000.0
0.2787907123565674,0.2791404128074646,0.5,420000.0
0.28240135312080383,0.28052693605422974,0.5,421000.0
0.2799362242221832,0.27993133664131165,0.5,422000.0
0.2815810441970825,0.28146567940711975,0.5,423000.0
0.27789410948753357,0.28027695417404175,0.5,424000.0
0.2829527258872986,0.2827356457710266,0.5,425000.0
0.28005266189575195,0.2812900245189667,0.5,426000.0
0.2843672037124634,0.2834150791168213,0.5,427000.0
0.27919065952301025,0.28203946352005005,0.5,428000.0
0.28519031405448914,0.28436100482940674,0.5,429000.0
0.27954497933387756,0.28293541073799133,0.5,430000.0
0.2861674427986145,0.2853185832500458,0.5,431000.0
0.28175172209739685,0.28459593653678894,0.5,432000.0
0.2872113883495331,0.28585079312324524,0.5,433000.0
0.2824530303478241,0.285645067691803,0.5,434000.0
0.2875255346298218,0.28665047883987427,0.5,435000.0
0.28226393461227417,0.28607162833213806,0.5,436000.0
0.2892530858516693,0.28757244348526,0.5,437000.0
0.28404346108436584,0.28713107109069824,0.5,438000.0
0.288851797580719,0.288562148809433,0.5,439000.0
0.2822110056877136,0.2877931296825409,0.5,440000.0
0.2892208397388458,0.28962892293930054,0.5,441000.0
0.285785049200058,0.2885386049747467,0.5,442000.0
0.2914661169052124,0.2912687659263611,0.5,443000.0
0.28766223788261414,0.28942662477493286,0.5,444000.0
0.29156848788261414,0.29192864894866943,0.5,445000.0
0.2894272208213806,0.2905482053756714,0.5,446000.0
0.29393357038497925,0.29275012016296387,0.5,447000.0
0.2895539700984955,0.29178446531295776,0.5,448000.0
0.2945588231086731,0.29360559582710266,0.5,449000.0
0.289521187543869,0.29271838068962097,0.5,450000.0
0.2960123121738434,0.29443711042404175,0.5,451000.0
0.29031243920326233,0.2937072217464447,0.5,452000.0
0.2968693673610687,0.29537153244018555,0.5,453000.0
0.29180434346199036,0.2949894368648529,0.5,454000.0
0.29835984110832214,0.2963418662548065,0.5,455000.0
0.2939815819263458,0.29565346240997314,0.5,456000.0
0.2991395890712738,0.29742205142974854,0.5,457000.0
0.29388999938964844,0.29625290632247925,0.5,458000.0
0.299653559923172,0.2982202470302582,0.5,459000.0
0.2925395965576172,0.29733729362487793,0.5,460000.0
0.30007869005203247,0.2985706031322479,0.5,461000.0
0.29252105951309204,0.29829123616218567,0.5,462000.0
0.30243104696273804,0.30001798272132874,0.5,463000.0
0.2952929735183716,0.29874011874198914,0.5,464000.0
0.30029311776161194,0.30113300681114197,0.5,465000.0
0.29456841945648193,0.29928386211395264,0.5,466000.0
0.30217882990837097,0.301970511674881,0.5,467000.0
0.2968677282333374,0.3004477024078369,0.5,468000.0
0.30343303084373474,0.3028002083301544,0.5,469000.0
0.2977951765060425,0.30148589611053467,0.5,470000.0
0.3053276836872101,0.30386364459991455,0.5,471000.0
0.2986524701118469,0.30238577723503113,0.5,472000.0
0.3057127892971039,0.30463260412216187,0.5,473000.0
0.3001316785812378,0.30363917350769043,0.5,474000.0
0.3082628548145294,0.3057079017162323,0.5,475000.0
0.30229830741882324,0.3048516511917114,0.5,476000.0
0.3075313866138458,0.3062680661678314,0.5,477000.0
0.2996673583984375,0.30497899651527405,0.5,478000.0
0.3067392110824585,0.3070389926433563,0.5,479000.0
0.3020838499069214,0.30633869767189026,0.5,480000.0
0.31089043617248535,0.30859479308128357,0.5,481000.0
0.3052511215209961,0.30695000290870667,0.5,482000.0
0.3096565306186676,0.3091307580471039,0.5,483000.0
0.3041398227214813,0.30781716108322144,0.5,484000.0
0.31073400378227234,0.3098371922969818,0.5,485000.0
0.3065921366214752,0.3090667426586151,0.5,486000.0
0.31155529618263245,0.31081289052963257,0.5,487000.0
0.3063115179538727,0.30975067615509033,0.5,488000.0
0.3126101493835449,0.3114914894104004,0.5,489000.0
0.305584192276001,0.31024473905563354,0.5,490000.0
0.3124730885028839,0.3120518624782562,0.5,491000.0
0.3067169189453125,0.31060269474983215,0.5,492000.0
0.3141365051269531,0.3133097290992737,0.5,493000.0
0.3080456256866455,0.3119862973690033,0.5,494000.0
0.31442099809646606,0.31397292017936707,0.5,495000.0
0.3090035617351532,0.31300050020217896,0.5,496000.0
0.31597182154655457,0.3151457607746124,0.5,497000.0
0.312651127576828,0.3143007755279541,0.5,498000.0
0.31881049275398254,0.31624114513397217,0.5,499000.0
